65;com.google.analytics.components.Icon
66;com.google.analytics.components.FlashTracker
60;bfp.common.LoggerWindow
59;bfp.common.LoggerWindow2
58;fl.controls.TextArea
57;fl.controls.UIScrollBar
56;ScrollBar_thumbIcon
54;ScrollArrowUp_disabledSkin
53;ScrollArrowDown_disabledSkin
51;ScrollArrowDown_upSkin
50;ScrollThumb_upSkin
48;ScrollArrowUp_upSkin
46;ScrollArrowUp_overSkin
44;ScrollThumb_overSkin
42;ScrollArrowDown_overSkin
40;ScrollThumb_downSkin
38;ScrollArrowDown_downSkin
36;ScrollArrowUp_downSkin
32;ScrollTrack_skin
30;TextArea_upSkin
28;TextArea_disabledSkin
26;fl.controls.Button
25;focusRectSkin
23;Button_upSkin
21;Button_selectedUpSkin
19;Button_selectedOverSkin
17;Button_selectedDownSkin
15;Button_selectedDisabledSkin
13;Button_overSkin
11;Button_emphasizedSkin
9;Button_downSkin
7;Button_disabledSkin
5;fl.core.ComponentShim
0;bfp.main.MainDocument
