159;fl.controls.Button
153;AssetPDWLoading
146;CircleTimer
137;fl.controls.TextArea
136;TextArea_upSkin
134;TextArea_disabledSkin
132;fl.controls.UIScrollBar
131;ScrollBar_thumbIcon
129;ScrollArrowUp_disabledSkin
128;ScrollArrowDown_disabledSkin
126;ScrollArrowDown_upSkin
125;ScrollThumb_upSkin
123;ScrollArrowUp_upSkin
121;ScrollArrowUp_overSkin
119;ScrollThumb_overSkin
117;ScrollArrowDown_overSkin
115;ScrollThumb_downSkin
113;ScrollArrowDown_downSkin
111;ScrollArrowUp_downSkin
107;ScrollTrack_skin
105;focusRectSkin
103;fl.core.ComponentShim
100;poiceShape01
98;poiceShape02
96;poiceShape03
94;poiceShape04
92;poiceShape05
90;poiceShape06
88;poiceShape07
86;poiceShape08
84;AssetPDWConnecting
39;AssetPDWError
28;Barrel
9;SeTimeUp
8;mainBGM
7;SeIceGet
6;SeMouseOver
5;SeCommit
4;SeLanding
3;SeSolid
2;SeBarrelRollOver
1;SeHunny
0;Main
443;game2_fla.Timeline_175
438;LineMovie
437;game2_fla.Timeline_174
432;game2_fla.Timeline_171
421;effecPoor
420;game2_fla.Timeline_164
417;effecHeart
416;game2_fla.Timeline_161
413;exMarkMc
410;snow_s
409;snow_l
404;game2_fla.Timeline_146
399;game2_fla.ok_150
398;game2_fla.Timeline_148
392;game2_fla.Timeline_135
372;game2_fla.Timeline_127
371;SeResult
367;game2_fla.Timeline_131
364;game2_fla.Timeline_129
358;game2_fla.Timeline_97
357;game2_fla.okbtn_124
305;game2_fla.Timeline_96
304;game2_fla.Timeline_91
296;game2_fla.Timeline_87
283;game2_fla.Timeline_77
