76;"fl.controls.TextInput"
75;"TextInput_upSkin"
73;"TextInput_disabledSkin"
71;"fl.controls.Button"
70;"Button_upSkin"
68;"Button_selectedUpSkin"
66;"Button_selectedOverSkin"
64;"Button_selectedDownSkin"
62;"Button_selectedDisabledSkin"
60;"Button_overSkin"
58;"Button_emphasizedSkin"
56;"Button_downSkin"
54;"Button_disabledSkin"
52;"fl.controls.TextArea"
51;"fl.controls.UIScrollBar"
50;"ScrollBar_thumbIcon"
48;"ScrollArrowUp_disabledSkin"
46;"ScrollArrowDown_disabledSkin"
44;"ScrollArrowDown_upSkin"
42;"ScrollThumb_upSkin"
40;"ScrollArrowUp_upSkin"
38;"ScrollArrowUp_overSkin"
36;"ScrollThumb_overSkin"
34;"ScrollArrowDown_overSkin"
32;"ScrollThumb_downSkin"
30;"ScrollArrowDown_downSkin"
28;"ScrollArrowUp_downSkin"
24;"ScrollTrack_skin"
22;"focusRectSkin"
20;"TextArea_upSkin"
18;"TextArea_disabledSkin"
16;"fl.core.ComponentShim"
13;"TopCampaignItem"
0;"bfp.pgl.campaign.CampaignDocument"
